sample-id,absolute-filepath,direction
17-a1,/mnt/gpfs01/home/obrien/and1038/GMproject/reads/17-a1_S97_L001_R1_001.fastq.gz,forward
17-a1,/mnt/gpfs01/home/obrien/and1038/GMproject/reads/17-a1_S97_L001_R2_001.fastq.gz,reverse
17-a2,/mnt/gpfs01/home/obrien/and1038/GMproject/reads/17-a2_S98_L001_R1_001.fastq.gz,forward
17-a2,/mnt/gpfs01/home/obrien/and1038/GMproject/reads/17-a2_S98_L001_R2_001.fastq.gz,reverse
17-a3,/mnt/gpfs01/home/obrien/and1038/GMproject/reads/17-a3_S99_L001_R1_001.fastq.gz,forward
17-a3,/mnt/gpfs01/home/obrien/and1038/GMproject/reads/17-a3_S99_L001_R2_001.fastq.gz,reverse
17-a4,/mnt/gpfs01/home/obrien/and1038/GMproject/reads/17-a4_S100_L001_R1_001.fastq.gz,forward
17-a4,/mnt/gpfs01/home/obrien/and1038/GMproject/reads/17-a4_S100_L001_R2_001.fastq.gz,reverse
17-a5,/mnt/gpfs01/home/obrien/and1038/GMproject/reads/17-a5_S101_L001_R1_001.fastq.gz,forward
17-a5,/mnt/gpfs01/home/obrien/and1038/GMproject/reads/17-a5_S101_L001_R2_001.fastq.gz,reverse
17-a6,/mnt/gpfs01/home/obrien/and1038/GMproject/reads/17-a6_S102_L001_R1_001.fastq.gz,forward
17-a6,/mnt/gpfs01/home/obrien/and1038/GMproject/reads/17-a6_S102_L001_R2_001.fastq.gz,reverse
17-b1,/mnt/gpfs01/home/obrien/and1038/GMproject/reads/17-b1_S103_L001_R1_001.fastq.gz,forward
17-b1,/mnt/gpfs01/home/obrien/and1038/GMproject/reads/17-b1_S103_L001_R2_001.fastq.gz,reverse
17-b2,/mnt/gpfs01/home/obrien/and1038/GMproject/reads/17-b2_S104_L001_R1_001.fastq.gz,forward
17-b2,/mnt/gpfs01/home/obrien/and1038/GMproject/reads/17-b2_S104_L001_R2_001.fastq.gz,reverse
17-b3,/mnt/gpfs01/home/obrien/and1038/GMproject/reads/17-b3_S105_L001_R1_001.fastq.gz,forward
17-b3,/mnt/gpfs01/home/obrien/and1038/GMproject/reads/17-b3_S105_L001_R2_001.fastq.gz,reverse
17-b4,/mnt/gpfs01/home/obrien/and1038/GMproject/reads/17-b4_S106_L001_R1_001.fastq.gz,forward
17-b4,/mnt/gpfs01/home/obrien/and1038/GMproject/reads/17-b4_S106_L001_R2_001.fastq.gz,reverse
17-b5,/mnt/gpfs01/home/obrien/and1038/GMproject/reads/17-b5_S107_L001_R1_001.fastq.gz,forward
17-b5,/mnt/gpfs01/home/obrien/and1038/GMproject/reads/17-b5_S107_L001_R2_001.fastq.gz,reverse
17-b6,/mnt/gpfs01/home/obrien/and1038/GMproject/reads/17-b6_S108_L001_R1_001.fastq.gz,forward
17-b6,/mnt/gpfs01/home/obrien/and1038/GMproject/reads/17-b6_S108_L001_R2_001.fastq.gz,reverse
17-c1,/mnt/gpfs01/home/obrien/and1038/GMproject/reads/17-c1_S109_L001_R1_001.fastq.gz,forward
17-c1,/mnt/gpfs01/home/obrien/and1038/GMproject/reads/17-c1_S109_L001_R2_001.fastq.gz,reverse
17-c2,/mnt/gpfs01/home/obrien/and1038/GMproject/reads/17-c2_S110_L001_R1_001.fastq.gz,forward
17-c2,/mnt/gpfs01/home/obrien/and1038/GMproject/reads/17-c2_S110_L001_R2_001.fastq.gz,reverse
17-c3,/mnt/gpfs01/home/obrien/and1038/GMproject/reads/17-c3_S111_L001_R1_001.fastq.gz,forward
17-c3,/mnt/gpfs01/home/obrien/and1038/GMproject/reads/17-c3_S111_L001_R2_001.fastq.gz,reverse
17-c4,/mnt/gpfs01/home/obrien/and1038/GMproject/reads/17-c4_S112_L001_R1_001.fastq.gz,forward
17-c4,/mnt/gpfs01/home/obrien/and1038/GMproject/reads/17-c4_S112_L001_R2_001.fastq.gz,reverse
17-c5,/mnt/gpfs01/home/obrien/and1038/GMproject/reads/17-c5_S113_L001_R1_001.fastq.gz,forward
17-c5,/mnt/gpfs01/home/obrien/and1038/GMproject/reads/17-c5_S113_L001_R2_001.fastq.gz,reverse
17-c6,/mnt/gpfs01/home/obrien/and1038/GMproject/reads/17-c6_S114_L001_R1_001.fastq.gz,forward
17-c6,/mnt/gpfs01/home/obrien/and1038/GMproject/reads/17-c6_S114_L001_R2_001.fastq.gz,reverse
17-d1,/mnt/gpfs01/home/obrien/and1038/GMproject/reads/17-d1_S115_L001_R1_001.fastq.gz,forward
17-d1,/mnt/gpfs01/home/obrien/and1038/GMproject/reads/17-d1_S115_L001_R2_001.fastq.gz,reverse
17-d2,/mnt/gpfs01/home/obrien/and1038/GMproject/reads/17-d2_S116_L001_R1_001.fastq.gz,forward
17-d2,/mnt/gpfs01/home/obrien/and1038/GMproject/reads/17-d2_S116_L001_R2_001.fastq.gz,reverse
17-d3,/mnt/gpfs01/home/obrien/and1038/GMproject/reads/17-d3_S117_L001_R1_001.fastq.gz,forward
17-d3,/mnt/gpfs01/home/obrien/and1038/GMproject/reads/17-d3_S117_L001_R2_001.fastq.gz,reverse
17-d4,/mnt/gpfs01/home/obrien/and1038/GMproject/reads/17-d4_S118_L001_R1_001.fastq.gz,forward
17-d4,/mnt/gpfs01/home/obrien/and1038/GMproject/reads/17-d4_S118_L001_R2_001.fastq.gz,reverse
17-d5,/mnt/gpfs01/home/obrien/and1038/GMproject/reads/17-d5_S119_L001_R1_001.fastq.gz,forward
17-d5,/mnt/gpfs01/home/obrien/and1038/GMproject/reads/17-d5_S119_L001_R2_001.fastq.gz,reverse
17-d6,/mnt/gpfs01/home/obrien/and1038/GMproject/reads/17-d6_S120_L001_R1_001.fastq.gz,forward
17-d6,/mnt/gpfs01/home/obrien/and1038/GMproject/reads/17-d6_S120_L001_R2_001.fastq.gz,reverse
18-a1,/mnt/gpfs01/home/obrien/and1038/GMproject/reads/18-a1_S121_L001_R1_001.fastq.gz,forward
18-a1,/mnt/gpfs01/home/obrien/and1038/GMproject/reads/18-a1_S121_L001_R2_001.fastq.gz,reverse
18-a2,/mnt/gpfs01/home/obrien/and1038/GMproject/reads/18-a2_S122_L001_R1_001.fastq.gz,forward
18-a2,/mnt/gpfs01/home/obrien/and1038/GMproject/reads/18-a2_S122_L001_R2_001.fastq.gz,reverse
18-a3,/mnt/gpfs01/home/obrien/and1038/GMproject/reads/18-a3_S123_L001_R1_001.fastq.gz,forward
18-a3,/mnt/gpfs01/home/obrien/and1038/GMproject/reads/18-a3_S123_L001_R2_001.fastq.gz,reverse
18-a4,/mnt/gpfs01/home/obrien/and1038/GMproject/reads/18-a4_S124_L001_R1_001.fastq.gz,forward
18-a4,/mnt/gpfs01/home/obrien/and1038/GMproject/reads/18-a4_S124_L001_R2_001.fastq.gz,reverse
18-a5,/mnt/gpfs01/home/obrien/and1038/GMproject/reads/18-a5_S125_L001_R1_001.fastq.gz,forward
18-a5,/mnt/gpfs01/home/obrien/and1038/GMproject/reads/18-a5_S125_L001_R2_001.fastq.gz,reverse
18-a6,/mnt/gpfs01/home/obrien/and1038/GMproject/reads/18-a6_S126_L001_R1_001.fastq.gz,forward
18-a6,/mnt/gpfs01/home/obrien/and1038/GMproject/reads/18-a6_S126_L001_R2_001.fastq.gz,reverse
18-b1,/mnt/gpfs01/home/obrien/and1038/GMproject/reads/18-b1_S127_L001_R1_001.fastq.gz,forward
18-b1,/mnt/gpfs01/home/obrien/and1038/GMproject/reads/18-b1_S127_L001_R2_001.fastq.gz,reverse
18-b2,/mnt/gpfs01/home/obrien/and1038/GMproject/reads/18-b2_S128_L001_R1_001.fastq.gz,forward
18-b2,/mnt/gpfs01/home/obrien/and1038/GMproject/reads/18-b2_S128_L001_R2_001.fastq.gz,reverse
18-b3,/mnt/gpfs01/home/obrien/and1038/GMproject/reads/18-b3_S129_L001_R1_001.fastq.gz,forward
18-b3,/mnt/gpfs01/home/obrien/and1038/GMproject/reads/18-b3_S129_L001_R2_001.fastq.gz,reverse
18-b4,/mnt/gpfs01/home/obrien/and1038/GMproject/reads/18-b4_S130_L001_R1_001.fastq.gz,forward
18-b4,/mnt/gpfs01/home/obrien/and1038/GMproject/reads/18-b4_S130_L001_R2_001.fastq.gz,reverse
18-b5,/mnt/gpfs01/home/obrien/and1038/GMproject/reads/18-b5_S131_L001_R1_001.fastq.gz,forward
18-b5,/mnt/gpfs01/home/obrien/and1038/GMproject/reads/18-b5_S131_L001_R2_001.fastq.gz,reverse
18-b6,/mnt/gpfs01/home/obrien/and1038/GMproject/reads/18-b6_S132_L001_R1_001.fastq.gz,forward
18-b6,/mnt/gpfs01/home/obrien/and1038/GMproject/reads/18-b6_S132_L001_R2_001.fastq.gz,reverse
18-c1,/mnt/gpfs01/home/obrien/and1038/GMproject/reads/18-c1_S133_L001_R1_001.fastq.gz,forward
18-c1,/mnt/gpfs01/home/obrien/and1038/GMproject/reads/18-c1_S133_L001_R2_001.fastq.gz,reverse
18-c2,/mnt/gpfs01/home/obrien/and1038/GMproject/reads/18-c2_S134_L001_R1_001.fastq.gz,forward
18-c2,/mnt/gpfs01/home/obrien/and1038/GMproject/reads/18-c2_S134_L001_R2_001.fastq.gz,reverse
18-c3,/mnt/gpfs01/home/obrien/and1038/GMproject/reads/18-c3_S135_L001_R1_001.fastq.gz,forward
18-c3,/mnt/gpfs01/home/obrien/and1038/GMproject/reads/18-c3_S135_L001_R2_001.fastq.gz,reverse
18-c4,/mnt/gpfs01/home/obrien/and1038/GMproject/reads/18-c4_S136_L001_R1_001.fastq.gz,forward
18-c4,/mnt/gpfs01/home/obrien/and1038/GMproject/reads/18-c4_S136_L001_R2_001.fastq.gz,reverse
18-c5,/mnt/gpfs01/home/obrien/and1038/GMproject/reads/18-c5_S137_L001_R1_001.fastq.gz,forward
18-c5,/mnt/gpfs01/home/obrien/and1038/GMproject/reads/18-c5_S137_L001_R2_001.fastq.gz,reverse
18-c6,/mnt/gpfs01/home/obrien/and1038/GMproject/reads/18-c6_S138_L001_R1_001.fastq.gz,forward
18-c6,/mnt/gpfs01/home/obrien/and1038/GMproject/reads/18-c6_S138_L001_R2_001.fastq.gz,reverse
18-d1,/mnt/gpfs01/home/obrien/and1038/GMproject/reads/18-d1_S139_L001_R1_001.fastq.gz,forward
18-d1,/mnt/gpfs01/home/obrien/and1038/GMproject/reads/18-d1_S139_L001_R2_001.fastq.gz,reverse
18-d2,/mnt/gpfs01/home/obrien/and1038/GMproject/reads/18-d2_S140_L001_R1_001.fastq.gz,forward
18-d2,/mnt/gpfs01/home/obrien/and1038/GMproject/reads/18-d2_S140_L001_R2_001.fastq.gz,reverse
18-d3,/mnt/gpfs01/home/obrien/and1038/GMproject/reads/18-d3_S141_L001_R1_001.fastq.gz,forward
18-d3,/mnt/gpfs01/home/obrien/and1038/GMproject/reads/18-d3_S141_L001_R2_001.fastq.gz,reverse
18-d4,/mnt/gpfs01/home/obrien/and1038/GMproject/reads/18-d4_S142_L001_R1_001.fastq.gz,forward
18-d4,/mnt/gpfs01/home/obrien/and1038/GMproject/reads/18-d4_S142_L001_R2_001.fastq.gz,reverse
18-d5,/mnt/gpfs01/home/obrien/and1038/GMproject/reads/18-d5_S143_L001_R1_001.fastq.gz,forward
18-d5,/mnt/gpfs01/home/obrien/and1038/GMproject/reads/18-d5_S143_L001_R2_001.fastq.gz,reverse
18-d6,/mnt/gpfs01/home/obrien/and1038/GMproject/reads/18-d6_S144_L001_R1_001.fastq.gz,forward
18-d6,/mnt/gpfs01/home/obrien/and1038/GMproject/reads/18-d6_S144_L001_R2_001.fastq.gz,reverse
19-a1,/mnt/gpfs01/home/obrien/and1038/GMproject/reads/19-a1_S145_L001_R1_001.fastq.gz,forward
19-a1,/mnt/gpfs01/home/obrien/and1038/GMproject/reads/19-a1_S145_L001_R2_001.fastq.gz,reverse
19-a2,/mnt/gpfs01/home/obrien/and1038/GMproject/reads/19-a2_S146_L001_R1_001.fastq.gz,forward
19-a2,/mnt/gpfs01/home/obrien/and1038/GMproject/reads/19-a2_S146_L001_R2_001.fastq.gz,reverse
19-a3,/mnt/gpfs01/home/obrien/and1038/GMproject/reads/19-a3_S147_L001_R1_001.fastq.gz,forward
19-a3,/mnt/gpfs01/home/obrien/and1038/GMproject/reads/19-a3_S147_L001_R2_001.fastq.gz,reverse
19-a4,/mnt/gpfs01/home/obrien/and1038/GMproject/reads/19-a4_S148_L001_R1_001.fastq.gz,forward
19-a4,/mnt/gpfs01/home/obrien/and1038/GMproject/reads/19-a4_S148_L001_R2_001.fastq.gz,reverse
19-a5,/mnt/gpfs01/home/obrien/and1038/GMproject/reads/19-a5_S149_L001_R1_001.fastq.gz,forward
19-a5,/mnt/gpfs01/home/obrien/and1038/GMproject/reads/19-a5_S149_L001_R2_001.fastq.gz,reverse
19-a6,/mnt/gpfs01/home/obrien/and1038/GMproject/reads/19-a6_S150_L001_R1_001.fastq.gz,forward
19-a6,/mnt/gpfs01/home/obrien/and1038/GMproject/reads/19-a6_S150_L001_R2_001.fastq.gz,reverse
19-b1,/mnt/gpfs01/home/obrien/and1038/GMproject/reads/19-b1_S151_L001_R1_001.fastq.gz,forward
19-b1,/mnt/gpfs01/home/obrien/and1038/GMproject/reads/19-b1_S151_L001_R2_001.fastq.gz,reverse
19-b2,/mnt/gpfs01/home/obrien/and1038/GMproject/reads/19-b2_S152_L001_R1_001.fastq.gz,forward
19-b2,/mnt/gpfs01/home/obrien/and1038/GMproject/reads/19-b2_S152_L001_R2_001.fastq.gz,reverse
19-b3,/mnt/gpfs01/home/obrien/and1038/GMproject/reads/19-b3_S153_L001_R1_001.fastq.gz,forward
19-b3,/mnt/gpfs01/home/obrien/and1038/GMproject/reads/19-b3_S153_L001_R2_001.fastq.gz,reverse
19-b4,/mnt/gpfs01/home/obrien/and1038/GMproject/reads/19-b4_S154_L001_R1_001.fastq.gz,forward
19-b4,/mnt/gpfs01/home/obrien/and1038/GMproject/reads/19-b4_S154_L001_R2_001.fastq.gz,reverse
19-b5,/mnt/gpfs01/home/obrien/and1038/GMproject/reads/19-b5_S155_L001_R1_001.fastq.gz,forward
19-b5,/mnt/gpfs01/home/obrien/and1038/GMproject/reads/19-b5_S155_L001_R2_001.fastq.gz,reverse
19-b6,/mnt/gpfs01/home/obrien/and1038/GMproject/reads/19-b6_S156_L001_R1_001.fastq.gz,forward
19-b6,/mnt/gpfs01/home/obrien/and1038/GMproject/reads/19-b6_S156_L001_R2_001.fastq.gz,reverse
19-c1,/mnt/gpfs01/home/obrien/and1038/GMproject/reads/19-c1_S157_L001_R1_001.fastq.gz,forward
19-c1,/mnt/gpfs01/home/obrien/and1038/GMproject/reads/19-c1_S157_L001_R2_001.fastq.gz,reverse
19-c2,/mnt/gpfs01/home/obrien/and1038/GMproject/reads/19-c2_S158_L001_R1_001.fastq.gz,forward
19-c2,/mnt/gpfs01/home/obrien/and1038/GMproject/reads/19-c2_S158_L001_R2_001.fastq.gz,reverse
19-c3,/mnt/gpfs01/home/obrien/and1038/GMproject/reads/19-c3_S159_L001_R1_001.fastq.gz,forward
19-c3,/mnt/gpfs01/home/obrien/and1038/GMproject/reads/19-c3_S159_L001_R2_001.fastq.gz,reverse
19-c4,/mnt/gpfs01/home/obrien/and1038/GMproject/reads/19-c4_S160_L001_R1_001.fastq.gz,forward
19-c4,/mnt/gpfs01/home/obrien/and1038/GMproject/reads/19-c4_S160_L001_R2_001.fastq.gz,reverse
19-c5,/mnt/gpfs01/home/obrien/and1038/GMproject/reads/19-c5_S161_L001_R1_001.fastq.gz,forward
19-c5,/mnt/gpfs01/home/obrien/and1038/GMproject/reads/19-c5_S161_L001_R2_001.fastq.gz,reverse
19-c6,/mnt/gpfs01/home/obrien/and1038/GMproject/reads/19-c6_S162_L001_R1_001.fastq.gz,forward
19-c6,/mnt/gpfs01/home/obrien/and1038/GMproject/reads/19-c6_S162_L001_R2_001.fastq.gz,reverse
19-d1,/mnt/gpfs01/home/obrien/and1038/GMproject/reads/19-d1_S163_L001_R1_001.fastq.gz,forward
19-d1,/mnt/gpfs01/home/obrien/and1038/GMproject/reads/19-d1_S163_L001_R2_001.fastq.gz,reverse
19-d2,/mnt/gpfs01/home/obrien/and1038/GMproject/reads/19-d2_S164_L001_R1_001.fastq.gz,forward
19-d2,/mnt/gpfs01/home/obrien/and1038/GMproject/reads/19-d2_S164_L001_R2_001.fastq.gz,reverse
19-d3,/mnt/gpfs01/home/obrien/and1038/GMproject/reads/19-d3_S165_L001_R1_001.fastq.gz,forward
19-d3,/mnt/gpfs01/home/obrien/and1038/GMproject/reads/19-d3_S165_L001_R2_001.fastq.gz,reverse
19-d4,/mnt/gpfs01/home/obrien/and1038/GMproject/reads/19-d4_S166_L001_R1_001.fastq.gz,forward
19-d4,/mnt/gpfs01/home/obrien/and1038/GMproject/reads/19-d4_S166_L001_R2_001.fastq.gz,reverse
19-d5,/mnt/gpfs01/home/obrien/and1038/GMproject/reads/19-d5_S167_L001_R1_001.fastq.gz,forward
19-d5,/mnt/gpfs01/home/obrien/and1038/GMproject/reads/19-d5_S167_L001_R2_001.fastq.gz,reverse
19-d6,/mnt/gpfs01/home/obrien/and1038/GMproject/reads/19-d6_S168_L001_R1_001.fastq.gz,forward
19-d6,/mnt/gpfs01/home/obrien/and1038/GMproject/reads/19-d6_S168_L001_R2_001.fastq.gz,reverse
20-a1,/mnt/gpfs01/home/obrien/and1038/GMproject/reads/20-a1_S169_L001_R1_001.fastq.gz,forward
20-a1,/mnt/gpfs01/home/obrien/and1038/GMproject/reads/20-a1_S169_L001_R2_001.fastq.gz,reverse
20-a2,/mnt/gpfs01/home/obrien/and1038/GMproject/reads/20-a2_S170_L001_R1_001.fastq.gz,forward
20-a2,/mnt/gpfs01/home/obrien/and1038/GMproject/reads/20-a2_S170_L001_R2_001.fastq.gz,reverse
20-a3,/mnt/gpfs01/home/obrien/and1038/GMproject/reads/20-a3_S171_L001_R1_001.fastq.gz,forward
20-a3,/mnt/gpfs01/home/obrien/and1038/GMproject/reads/20-a3_S171_L001_R2_001.fastq.gz,reverse
20-a4,/mnt/gpfs01/home/obrien/and1038/GMproject/reads/20-a4_S172_L001_R1_001.fastq.gz,forward
20-a4,/mnt/gpfs01/home/obrien/and1038/GMproject/reads/20-a4_S172_L001_R2_001.fastq.gz,reverse
20-a5,/mnt/gpfs01/home/obrien/and1038/GMproject/reads/20-a5_S173_L001_R1_001.fastq.gz,forward
20-a5,/mnt/gpfs01/home/obrien/and1038/GMproject/reads/20-a5_S173_L001_R2_001.fastq.gz,reverse
20-a6,/mnt/gpfs01/home/obrien/and1038/GMproject/reads/20-a6_S174_L001_R1_001.fastq.gz,forward
20-a6,/mnt/gpfs01/home/obrien/and1038/GMproject/reads/20-a6_S174_L001_R2_001.fastq.gz,reverse
20-b1,/mnt/gpfs01/home/obrien/and1038/GMproject/reads/20-b1_S175_L001_R1_001.fastq.gz,forward
20-b1,/mnt/gpfs01/home/obrien/and1038/GMproject/reads/20-b1_S175_L001_R2_001.fastq.gz,reverse
20-b2,/mnt/gpfs01/home/obrien/and1038/GMproject/reads/20-b2_S176_L001_R1_001.fastq.gz,forward
20-b2,/mnt/gpfs01/home/obrien/and1038/GMproject/reads/20-b2_S176_L001_R2_001.fastq.gz,reverse
20-b3,/mnt/gpfs01/home/obrien/and1038/GMproject/reads/20-b3_S177_L001_R1_001.fastq.gz,forward
20-b3,/mnt/gpfs01/home/obrien/and1038/GMproject/reads/20-b3_S177_L001_R2_001.fastq.gz,reverse
20-b4,/mnt/gpfs01/home/obrien/and1038/GMproject/reads/20-b4_S178_L001_R1_001.fastq.gz,forward
20-b4,/mnt/gpfs01/home/obrien/and1038/GMproject/reads/20-b4_S178_L001_R2_001.fastq.gz,reverse
20-b5,/mnt/gpfs01/home/obrien/and1038/GMproject/reads/20-b5_S179_L001_R1_001.fastq.gz,forward
20-b5,/mnt/gpfs01/home/obrien/and1038/GMproject/reads/20-b5_S179_L001_R2_001.fastq.gz,reverse
20-b6,/mnt/gpfs01/home/obrien/and1038/GMproject/reads/20-b6_S180_L001_R1_001.fastq.gz,forward
20-b6,/mnt/gpfs01/home/obrien/and1038/GMproject/reads/20-b6_S180_L001_R2_001.fastq.gz,reverse
20-c1,/mnt/gpfs01/home/obrien/and1038/GMproject/reads/20-c1_S181_L001_R1_001.fastq.gz,forward
20-c1,/mnt/gpfs01/home/obrien/and1038/GMproject/reads/20-c1_S181_L001_R2_001.fastq.gz,reverse
20-c2,/mnt/gpfs01/home/obrien/and1038/GMproject/reads/20-c2_S182_L001_R1_001.fastq.gz,forward
20-c2,/mnt/gpfs01/home/obrien/and1038/GMproject/reads/20-c2_S182_L001_R2_001.fastq.gz,reverse
20-c3,/mnt/gpfs01/home/obrien/and1038/GMproject/reads/20-c3_S183_L001_R1_001.fastq.gz,forward
20-c3,/mnt/gpfs01/home/obrien/and1038/GMproject/reads/20-c3_S183_L001_R2_001.fastq.gz,reverse
20-c4,/mnt/gpfs01/home/obrien/and1038/GMproject/reads/20-c4_S184_L001_R1_001.fastq.gz,forward
20-c4,/mnt/gpfs01/home/obrien/and1038/GMproject/reads/20-c4_S184_L001_R2_001.fastq.gz,reverse
20-c5,/mnt/gpfs01/home/obrien/and1038/GMproject/reads/20-c5_S185_L001_R1_001.fastq.gz,forward
20-c5,/mnt/gpfs01/home/obrien/and1038/GMproject/reads/20-c5_S185_L001_R2_001.fastq.gz,reverse
20-c6,/mnt/gpfs01/home/obrien/and1038/GMproject/reads/20-c6_S186_L001_R1_001.fastq.gz,forward
20-c6,/mnt/gpfs01/home/obrien/and1038/GMproject/reads/20-c6_S186_L001_R2_001.fastq.gz,reverse
20-d1,/mnt/gpfs01/home/obrien/and1038/GMproject/reads/20-d1_S187_L001_R1_001.fastq.gz,forward
20-d1,/mnt/gpfs01/home/obrien/and1038/GMproject/reads/20-d1_S187_L001_R2_001.fastq.gz,reverse
20-d2,/mnt/gpfs01/home/obrien/and1038/GMproject/reads/20-d2_S188_L001_R1_001.fastq.gz,forward
20-d2,/mnt/gpfs01/home/obrien/and1038/GMproject/reads/20-d2_S188_L001_R2_001.fastq.gz,reverse
20-d3,/mnt/gpfs01/home/obrien/and1038/GMproject/reads/20-d3_S189_L001_R1_001.fastq.gz,forward
20-d3,/mnt/gpfs01/home/obrien/and1038/GMproject/reads/20-d3_S189_L001_R2_001.fastq.gz,reverse
20-d4,/mnt/gpfs01/home/obrien/and1038/GMproject/reads/20-d4_S190_L001_R1_001.fastq.gz,forward
20-d4,/mnt/gpfs01/home/obrien/and1038/GMproject/reads/20-d4_S190_L001_R2_001.fastq.gz,reverse
20-d5,/mnt/gpfs01/home/obrien/and1038/GMproject/reads/20-d5_S191_L001_R1_001.fastq.gz,forward
20-d5,/mnt/gpfs01/home/obrien/and1038/GMproject/reads/20-d5_S191_L001_R2_001.fastq.gz,reverse
20-d6,/mnt/gpfs01/home/obrien/and1038/GMproject/reads/20-d6_S192_L001_R1_001.fastq.gz,forward
20-d6,/mnt/gpfs01/home/obrien/and1038/GMproject/reads/20-d6_S192_L001_R2_001.fastq.gz,reverse
21-a1,/mnt/gpfs01/home/obrien/and1038/GMproject/reads/21-a1_S193_L001_R1_001.fastq.gz,forward
21-a1,/mnt/gpfs01/home/obrien/and1038/GMproject/reads/21-a1_S193_L001_R2_001.fastq.gz,reverse
21-a2,/mnt/gpfs01/home/obrien/and1038/GMproject/reads/21-a2_S194_L001_R1_001.fastq.gz,forward
21-a2,/mnt/gpfs01/home/obrien/and1038/GMproject/reads/21-a2_S194_L001_R2_001.fastq.gz,reverse
21-a3,/mnt/gpfs01/home/obrien/and1038/GMproject/reads/21-a3_S195_L001_R1_001.fastq.gz,forward
21-a3,/mnt/gpfs01/home/obrien/and1038/GMproject/reads/21-a3_S195_L001_R2_001.fastq.gz,reverse
21-a4,/mnt/gpfs01/home/obrien/and1038/GMproject/reads/21-a4_S196_L001_R1_001.fastq.gz,forward
21-a4,/mnt/gpfs01/home/obrien/and1038/GMproject/reads/21-a4_S196_L001_R2_001.fastq.gz,reverse
21-a5,/mnt/gpfs01/home/obrien/and1038/GMproject/reads/21-a5_S197_L001_R1_001.fastq.gz,forward
21-a5,/mnt/gpfs01/home/obrien/and1038/GMproject/reads/21-a5_S197_L001_R2_001.fastq.gz,reverse
21-a6,/mnt/gpfs01/home/obrien/and1038/GMproject/reads/21-a6_S198_L001_R1_001.fastq.gz,forward
21-a6,/mnt/gpfs01/home/obrien/and1038/GMproject/reads/21-a6_S198_L001_R2_001.fastq.gz,reverse
21-b1,/mnt/gpfs01/home/obrien/and1038/GMproject/reads/21-b1_S199_L001_R1_001.fastq.gz,forward
21-b1,/mnt/gpfs01/home/obrien/and1038/GMproject/reads/21-b1_S199_L001_R2_001.fastq.gz,reverse
21-b2,/mnt/gpfs01/home/obrien/and1038/GMproject/reads/21-b2_S200_L001_R1_001.fastq.gz,forward
21-b2,/mnt/gpfs01/home/obrien/and1038/GMproject/reads/21-b2_S200_L001_R2_001.fastq.gz,reverse
21-b3,/mnt/gpfs01/home/obrien/and1038/GMproject/reads/21-b3_S201_L001_R1_001.fastq.gz,forward
21-b3,/mnt/gpfs01/home/obrien/and1038/GMproject/reads/21-b3_S201_L001_R2_001.fastq.gz,reverse
21-b4,/mnt/gpfs01/home/obrien/and1038/GMproject/reads/21-b4_S202_L001_R1_001.fastq.gz,forward
21-b4,/mnt/gpfs01/home/obrien/and1038/GMproject/reads/21-b4_S202_L001_R2_001.fastq.gz,reverse
21-b5,/mnt/gpfs01/home/obrien/and1038/GMproject/reads/21-b5_S203_L001_R1_001.fastq.gz,forward
21-b5,/mnt/gpfs01/home/obrien/and1038/GMproject/reads/21-b5_S203_L001_R2_001.fastq.gz,reverse
21-b6,/mnt/gpfs01/home/obrien/and1038/GMproject/reads/21-b6_S204_L001_R1_001.fastq.gz,forward
21-b6,/mnt/gpfs01/home/obrien/and1038/GMproject/reads/21-b6_S204_L001_R2_001.fastq.gz,reverse
21-c1,/mnt/gpfs01/home/obrien/and1038/GMproject/reads/21-c1_S205_L001_R1_001.fastq.gz,forward
21-c1,/mnt/gpfs01/home/obrien/and1038/GMproject/reads/21-c1_S205_L001_R2_001.fastq.gz,reverse
21-c2,/mnt/gpfs01/home/obrien/and1038/GMproject/reads/21-c2_S206_L001_R1_001.fastq.gz,forward
21-c2,/mnt/gpfs01/home/obrien/and1038/GMproject/reads/21-c2_S206_L001_R2_001.fastq.gz,reverse
21-c3,/mnt/gpfs01/home/obrien/and1038/GMproject/reads/21-c3_S207_L001_R1_001.fastq.gz,forward
21-c3,/mnt/gpfs01/home/obrien/and1038/GMproject/reads/21-c3_S207_L001_R2_001.fastq.gz,reverse
21-c4,/mnt/gpfs01/home/obrien/and1038/GMproject/reads/21-c4_S208_L001_R1_001.fastq.gz,forward
21-c4,/mnt/gpfs01/home/obrien/and1038/GMproject/reads/21-c4_S208_L001_R2_001.fastq.gz,reverse
21-c5,/mnt/gpfs01/home/obrien/and1038/GMproject/reads/21-c5_S209_L001_R1_001.fastq.gz,forward
21-c5,/mnt/gpfs01/home/obrien/and1038/GMproject/reads/21-c5_S209_L001_R2_001.fastq.gz,reverse
21-c6,/mnt/gpfs01/home/obrien/and1038/GMproject/reads/21-c6_S210_L001_R1_001.fastq.gz,forward
21-c6,/mnt/gpfs01/home/obrien/and1038/GMproject/reads/21-c6_S210_L001_R2_001.fastq.gz,reverse
21-d1,/mnt/gpfs01/home/obrien/and1038/GMproject/reads/21-d1_S211_L001_R1_001.fastq.gz,forward
21-d1,/mnt/gpfs01/home/obrien/and1038/GMproject/reads/21-d1_S211_L001_R2_001.fastq.gz,reverse
21-d2,/mnt/gpfs01/home/obrien/and1038/GMproject/reads/21-d2_S212_L001_R1_001.fastq.gz,forward
21-d2,/mnt/gpfs01/home/obrien/and1038/GMproject/reads/21-d2_S212_L001_R2_001.fastq.gz,reverse
21-d3,/mnt/gpfs01/home/obrien/and1038/GMproject/reads/21-d3_S213_L001_R1_001.fastq.gz,forward
21-d3,/mnt/gpfs01/home/obrien/and1038/GMproject/reads/21-d3_S213_L001_R2_001.fastq.gz,reverse
21-d4,/mnt/gpfs01/home/obrien/and1038/GMproject/reads/21-d4_S214_L001_R1_001.fastq.gz,forward
21-d4,/mnt/gpfs01/home/obrien/and1038/GMproject/reads/21-d4_S214_L001_R2_001.fastq.gz,reverse
21-d5,/mnt/gpfs01/home/obrien/and1038/GMproject/reads/21-d5_S215_L001_R1_001.fastq.gz,forward
21-d5,/mnt/gpfs01/home/obrien/and1038/GMproject/reads/21-d5_S215_L001_R2_001.fastq.gz,reverse
21-d6,/mnt/gpfs01/home/obrien/and1038/GMproject/reads/21-d6_S216_L001_R1_001.fastq.gz,forward
21-d6,/mnt/gpfs01/home/obrien/and1038/GMproject/reads/21-d6_S216_L001_R2_001.fastq.gz,reverse
22-a1,/mnt/gpfs01/home/obrien/and1038/GMproject/reads/22-a1_S217_L001_R1_001.fastq.gz,forward
22-a1,/mnt/gpfs01/home/obrien/and1038/GMproject/reads/22-a1_S217_L001_R2_001.fastq.gz,reverse
22-a2,/mnt/gpfs01/home/obrien/and1038/GMproject/reads/22-a2_S218_L001_R1_001.fastq.gz,forward
22-a2,/mnt/gpfs01/home/obrien/and1038/GMproject/reads/22-a2_S218_L001_R2_001.fastq.gz,reverse
22-a3,/mnt/gpfs01/home/obrien/and1038/GMproject/reads/22-a3_S219_L001_R1_001.fastq.gz,forward
22-a3,/mnt/gpfs01/home/obrien/and1038/GMproject/reads/22-a3_S219_L001_R2_001.fastq.gz,reverse
22-a4,/mnt/gpfs01/home/obrien/and1038/GMproject/reads/22-a4_S220_L001_R1_001.fastq.gz,forward
22-a4,/mnt/gpfs01/home/obrien/and1038/GMproject/reads/22-a4_S220_L001_R2_001.fastq.gz,reverse
22-a5,/mnt/gpfs01/home/obrien/and1038/GMproject/reads/22-a5_S221_L001_R1_001.fastq.gz,forward
22-a5,/mnt/gpfs01/home/obrien/and1038/GMproject/reads/22-a5_S221_L001_R2_001.fastq.gz,reverse
22-a6,/mnt/gpfs01/home/obrien/and1038/GMproject/reads/22-a6_S222_L001_R1_001.fastq.gz,forward
22-a6,/mnt/gpfs01/home/obrien/and1038/GMproject/reads/22-a6_S222_L001_R2_001.fastq.gz,reverse
22-b1,/mnt/gpfs01/home/obrien/and1038/GMproject/reads/22-b1_S223_L001_R1_001.fastq.gz,forward
22-b1,/mnt/gpfs01/home/obrien/and1038/GMproject/reads/22-b1_S223_L001_R2_001.fastq.gz,reverse
22-b2,/mnt/gpfs01/home/obrien/and1038/GMproject/reads/22-b2_S224_L001_R1_001.fastq.gz,forward
22-b2,/mnt/gpfs01/home/obrien/and1038/GMproject/reads/22-b2_S224_L001_R2_001.fastq.gz,reverse
22-b3,/mnt/gpfs01/home/obrien/and1038/GMproject/reads/22-b3_S225_L001_R1_001.fastq.gz,forward
22-b3,/mnt/gpfs01/home/obrien/and1038/GMproject/reads/22-b3_S225_L001_R2_001.fastq.gz,reverse
22-b4,/mnt/gpfs01/home/obrien/and1038/GMproject/reads/22-b4_S226_L001_R1_001.fastq.gz,forward
22-b4,/mnt/gpfs01/home/obrien/and1038/GMproject/reads/22-b4_S226_L001_R2_001.fastq.gz,reverse
22-b5,/mnt/gpfs01/home/obrien/and1038/GMproject/reads/22-b5_S227_L001_R1_001.fastq.gz,forward
22-b5,/mnt/gpfs01/home/obrien/and1038/GMproject/reads/22-b5_S227_L001_R2_001.fastq.gz,reverse
22-b6,/mnt/gpfs01/home/obrien/and1038/GMproject/reads/22-b6_S228_L001_R1_001.fastq.gz,forward
22-b6,/mnt/gpfs01/home/obrien/and1038/GMproject/reads/22-b6_S228_L001_R2_001.fastq.gz,reverse
22-c1,/mnt/gpfs01/home/obrien/and1038/GMproject/reads/22-c1_S229_L001_R1_001.fastq.gz,forward
22-c1,/mnt/gpfs01/home/obrien/and1038/GMproject/reads/22-c1_S229_L001_R2_001.fastq.gz,reverse
22-c2,/mnt/gpfs01/home/obrien/and1038/GMproject/reads/22-c2_S230_L001_R1_001.fastq.gz,forward
22-c2,/mnt/gpfs01/home/obrien/and1038/GMproject/reads/22-c2_S230_L001_R2_001.fastq.gz,reverse
22-c3,/mnt/gpfs01/home/obrien/and1038/GMproject/reads/22-c3_S231_L001_R1_001.fastq.gz,forward
22-c3,/mnt/gpfs01/home/obrien/and1038/GMproject/reads/22-c3_S231_L001_R2_001.fastq.gz,reverse
22-c4,/mnt/gpfs01/home/obrien/and1038/GMproject/reads/22-c4_S232_L001_R1_001.fastq.gz,forward
22-c4,/mnt/gpfs01/home/obrien/and1038/GMproject/reads/22-c4_S232_L001_R2_001.fastq.gz,reverse
22-c5,/mnt/gpfs01/home/obrien/and1038/GMproject/reads/22-c5_S233_L001_R1_001.fastq.gz,forward
22-c5,/mnt/gpfs01/home/obrien/and1038/GMproject/reads/22-c5_S233_L001_R2_001.fastq.gz,reverse
22-c6,/mnt/gpfs01/home/obrien/and1038/GMproject/reads/22-c6_S234_L001_R1_001.fastq.gz,forward
22-c6,/mnt/gpfs01/home/obrien/and1038/GMproject/reads/22-c6_S234_L001_R2_001.fastq.gz,reverse
22-d1,/mnt/gpfs01/home/obrien/and1038/GMproject/reads/22-d1_S235_L001_R1_001.fastq.gz,forward
22-d1,/mnt/gpfs01/home/obrien/and1038/GMproject/reads/22-d1_S235_L001_R2_001.fastq.gz,reverse
22-d2,/mnt/gpfs01/home/obrien/and1038/GMproject/reads/22-d2_S236_L001_R1_001.fastq.gz,forward
22-d2,/mnt/gpfs01/home/obrien/and1038/GMproject/reads/22-d2_S236_L001_R2_001.fastq.gz,reverse
22-d3,/mnt/gpfs01/home/obrien/and1038/GMproject/reads/22-d3_S237_L001_R1_001.fastq.gz,forward
22-d3,/mnt/gpfs01/home/obrien/and1038/GMproject/reads/22-d3_S237_L001_R2_001.fastq.gz,reverse
22-d4,/mnt/gpfs01/home/obrien/and1038/GMproject/reads/22-d4_S238_L001_R1_001.fastq.gz,forward
22-d4,/mnt/gpfs01/home/obrien/and1038/GMproject/reads/22-d4_S238_L001_R2_001.fastq.gz,reverse
22-d5,/mnt/gpfs01/home/obrien/and1038/GMproject/reads/22-d5_S239_L001_R1_001.fastq.gz,forward
22-d5,/mnt/gpfs01/home/obrien/and1038/GMproject/reads/22-d5_S239_L001_R2_001.fastq.gz,reverse
22-d6,/mnt/gpfs01/home/obrien/and1038/GMproject/reads/22-d6_S240_L001_R1_001.fastq.gz,forward
22-d6,/mnt/gpfs01/home/obrien/and1038/GMproject/reads/22-d6_S240_L001_R2_001.fastq.gz,reverse
23-a1,/mnt/gpfs01/home/obrien/and1038/GMproject/reads/23-a1_S241_L001_R1_001.fastq.gz,forward
23-a1,/mnt/gpfs01/home/obrien/and1038/GMproject/reads/23-a1_S241_L001_R2_001.fastq.gz,reverse
23-a2,/mnt/gpfs01/home/obrien/and1038/GMproject/reads/23-a2_S242_L001_R1_001.fastq.gz,forward
23-a2,/mnt/gpfs01/home/obrien/and1038/GMproject/reads/23-a2_S242_L001_R2_001.fastq.gz,reverse
23-a3,/mnt/gpfs01/home/obrien/and1038/GMproject/reads/23-a3_S243_L001_R1_001.fastq.gz,forward
23-a3,/mnt/gpfs01/home/obrien/and1038/GMproject/reads/23-a3_S243_L001_R2_001.fastq.gz,reverse
23-a4,/mnt/gpfs01/home/obrien/and1038/GMproject/reads/23-a4_S244_L001_R1_001.fastq.gz,forward
23-a4,/mnt/gpfs01/home/obrien/and1038/GMproject/reads/23-a4_S244_L001_R2_001.fastq.gz,reverse
23-a5,/mnt/gpfs01/home/obrien/and1038/GMproject/reads/23-a5_S245_L001_R1_001.fastq.gz,forward
23-a5,/mnt/gpfs01/home/obrien/and1038/GMproject/reads/23-a5_S245_L001_R2_001.fastq.gz,reverse
23-a6,/mnt/gpfs01/home/obrien/and1038/GMproject/reads/23-a6_S246_L001_R1_001.fastq.gz,forward
23-a6,/mnt/gpfs01/home/obrien/and1038/GMproject/reads/23-a6_S246_L001_R2_001.fastq.gz,reverse
23-b1,/mnt/gpfs01/home/obrien/and1038/GMproject/reads/23-b1_S247_L001_R1_001.fastq.gz,forward
23-b1,/mnt/gpfs01/home/obrien/and1038/GMproject/reads/23-b1_S247_L001_R2_001.fastq.gz,reverse
23-b2,/mnt/gpfs01/home/obrien/and1038/GMproject/reads/23-b2_S248_L001_R1_001.fastq.gz,forward
23-b2,/mnt/gpfs01/home/obrien/and1038/GMproject/reads/23-b2_S248_L001_R2_001.fastq.gz,reverse
23-b3,/mnt/gpfs01/home/obrien/and1038/GMproject/reads/23-b3_S249_L001_R1_001.fastq.gz,forward
23-b3,/mnt/gpfs01/home/obrien/and1038/GMproject/reads/23-b3_S249_L001_R2_001.fastq.gz,reverse
23-b4,/mnt/gpfs01/home/obrien/and1038/GMproject/reads/23-b4_S250_L001_R1_001.fastq.gz,forward
23-b4,/mnt/gpfs01/home/obrien/and1038/GMproject/reads/23-b4_S250_L001_R2_001.fastq.gz,reverse
23-b5,/mnt/gpfs01/home/obrien/and1038/GMproject/reads/23-b5_S251_L001_R1_001.fastq.gz,forward
23-b5,/mnt/gpfs01/home/obrien/and1038/GMproject/reads/23-b5_S251_L001_R2_001.fastq.gz,reverse
23-b6,/mnt/gpfs01/home/obrien/and1038/GMproject/reads/23-b6_S252_L001_R1_001.fastq.gz,forward
23-b6,/mnt/gpfs01/home/obrien/and1038/GMproject/reads/23-b6_S252_L001_R2_001.fastq.gz,reverse
23-c1,/mnt/gpfs01/home/obrien/and1038/GMproject/reads/23-c1_S253_L001_R1_001.fastq.gz,forward
23-c1,/mnt/gpfs01/home/obrien/and1038/GMproject/reads/23-c1_S253_L001_R2_001.fastq.gz,reverse
23-c2,/mnt/gpfs01/home/obrien/and1038/GMproject/reads/23-c2_S254_L001_R1_001.fastq.gz,forward
23-c2,/mnt/gpfs01/home/obrien/and1038/GMproject/reads/23-c2_S254_L001_R2_001.fastq.gz,reverse
23-c3,/mnt/gpfs01/home/obrien/and1038/GMproject/reads/23-c3_S255_L001_R1_001.fastq.gz,forward
23-c3,/mnt/gpfs01/home/obrien/and1038/GMproject/reads/23-c3_S255_L001_R2_001.fastq.gz,reverse
23-c4,/mnt/gpfs01/home/obrien/and1038/GMproject/reads/23-c4_S256_L001_R1_001.fastq.gz,forward
23-c4,/mnt/gpfs01/home/obrien/and1038/GMproject/reads/23-c4_S256_L001_R2_001.fastq.gz,reverse
23-c5,/mnt/gpfs01/home/obrien/and1038/GMproject/reads/23-c5_S257_L001_R1_001.fastq.gz,forward
23-c5,/mnt/gpfs01/home/obrien/and1038/GMproject/reads/23-c5_S257_L001_R2_001.fastq.gz,reverse
23-c6,/mnt/gpfs01/home/obrien/and1038/GMproject/reads/23-c6_S258_L001_R1_001.fastq.gz,forward
23-c6,/mnt/gpfs01/home/obrien/and1038/GMproject/reads/23-c6_S258_L001_R2_001.fastq.gz,reverse
23-d1,/mnt/gpfs01/home/obrien/and1038/GMproject/reads/23-d1_S259_L001_R1_001.fastq.gz,forward
23-d1,/mnt/gpfs01/home/obrien/and1038/GMproject/reads/23-d1_S259_L001_R2_001.fastq.gz,reverse
23-d2,/mnt/gpfs01/home/obrien/and1038/GMproject/reads/23-d2_S260_L001_R1_001.fastq.gz,forward
23-d2,/mnt/gpfs01/home/obrien/and1038/GMproject/reads/23-d2_S260_L001_R2_001.fastq.gz,reverse
23-d3,/mnt/gpfs01/home/obrien/and1038/GMproject/reads/23-d3_S261_L001_R1_001.fastq.gz,forward
23-d3,/mnt/gpfs01/home/obrien/and1038/GMproject/reads/23-d3_S261_L001_R2_001.fastq.gz,reverse
23-d4,/mnt/gpfs01/home/obrien/and1038/GMproject/reads/23-d4_S262_L001_R1_001.fastq.gz,forward
23-d4,/mnt/gpfs01/home/obrien/and1038/GMproject/reads/23-d4_S262_L001_R2_001.fastq.gz,reverse
23-d5,/mnt/gpfs01/home/obrien/and1038/GMproject/reads/23-d5_S263_L001_R1_001.fastq.gz,forward
23-d5,/mnt/gpfs01/home/obrien/and1038/GMproject/reads/23-d5_S263_L001_R2_001.fastq.gz,reverse
23-d6,/mnt/gpfs01/home/obrien/and1038/GMproject/reads/23-d6_S264_L001_R1_001.fastq.gz,forward
23-d6,/mnt/gpfs01/home/obrien/and1038/GMproject/reads/23-d6_S264_L001_R2_001.fastq.gz,reverse
24-a1,/mnt/gpfs01/home/obrien/and1038/GMproject/reads/24-a1_S265_L001_R1_001.fastq.gz,forward
24-a1,/mnt/gpfs01/home/obrien/and1038/GMproject/reads/24-a1_S265_L001_R2_001.fastq.gz,reverse
24-a2,/mnt/gpfs01/home/obrien/and1038/GMproject/reads/24-a2_S266_L001_R1_001.fastq.gz,forward
24-a2,/mnt/gpfs01/home/obrien/and1038/GMproject/reads/24-a2_S266_L001_R2_001.fastq.gz,reverse
24-a3,/mnt/gpfs01/home/obrien/and1038/GMproject/reads/24-a3_S267_L001_R1_001.fastq.gz,forward
24-a3,/mnt/gpfs01/home/obrien/and1038/GMproject/reads/24-a3_S267_L001_R2_001.fastq.gz,reverse
24-a4,/mnt/gpfs01/home/obrien/and1038/GMproject/reads/24-a4_S268_L001_R1_001.fastq.gz,forward
24-a4,/mnt/gpfs01/home/obrien/and1038/GMproject/reads/24-a4_S268_L001_R2_001.fastq.gz,reverse
24-a5,/mnt/gpfs01/home/obrien/and1038/GMproject/reads/24-a5_S269_L001_R1_001.fastq.gz,forward
24-a5,/mnt/gpfs01/home/obrien/and1038/GMproject/reads/24-a5_S269_L001_R2_001.fastq.gz,reverse
24-a6,/mnt/gpfs01/home/obrien/and1038/GMproject/reads/24-a6_S270_L001_R1_001.fastq.gz,forward
24-a6,/mnt/gpfs01/home/obrien/and1038/GMproject/reads/24-a6_S270_L001_R2_001.fastq.gz,reverse
24-b1,/mnt/gpfs01/home/obrien/and1038/GMproject/reads/24-b1_S271_L001_R1_001.fastq.gz,forward
24-b1,/mnt/gpfs01/home/obrien/and1038/GMproject/reads/24-b1_S271_L001_R2_001.fastq.gz,reverse
24-b2,/mnt/gpfs01/home/obrien/and1038/GMproject/reads/24-b2_S272_L001_R1_001.fastq.gz,forward
24-b2,/mnt/gpfs01/home/obrien/and1038/GMproject/reads/24-b2_S272_L001_R2_001.fastq.gz,reverse
24-b3,/mnt/gpfs01/home/obrien/and1038/GMproject/reads/24-b3_S273_L001_R1_001.fastq.gz,forward
24-b3,/mnt/gpfs01/home/obrien/and1038/GMproject/reads/24-b3_S273_L001_R2_001.fastq.gz,reverse
24-b4,/mnt/gpfs01/home/obrien/and1038/GMproject/reads/24-b4_S274_L001_R1_001.fastq.gz,forward
24-b4,/mnt/gpfs01/home/obrien/and1038/GMproject/reads/24-b4_S274_L001_R2_001.fastq.gz,reverse
24-b5,/mnt/gpfs01/home/obrien/and1038/GMproject/reads/24-b5_S275_L001_R1_001.fastq.gz,forward
24-b5,/mnt/gpfs01/home/obrien/and1038/GMproject/reads/24-b5_S275_L001_R2_001.fastq.gz,reverse
24-b6,/mnt/gpfs01/home/obrien/and1038/GMproject/reads/24-b6_S276_L001_R1_001.fastq.gz,forward
24-b6,/mnt/gpfs01/home/obrien/and1038/GMproject/reads/24-b6_S276_L001_R2_001.fastq.gz,reverse
24-c1,/mnt/gpfs01/home/obrien/and1038/GMproject/reads/24-c1_S277_L001_R1_001.fastq.gz,forward
24-c1,/mnt/gpfs01/home/obrien/and1038/GMproject/reads/24-c1_S277_L001_R2_001.fastq.gz,reverse
24-c2,/mnt/gpfs01/home/obrien/and1038/GMproject/reads/24-c2_S278_L001_R1_001.fastq.gz,forward
24-c2,/mnt/gpfs01/home/obrien/and1038/GMproject/reads/24-c2_S278_L001_R2_001.fastq.gz,reverse
24-c3,/mnt/gpfs01/home/obrien/and1038/GMproject/reads/24-c3_S279_L001_R1_001.fastq.gz,forward
24-c3,/mnt/gpfs01/home/obrien/and1038/GMproject/reads/24-c3_S279_L001_R2_001.fastq.gz,reverse
24-c4,/mnt/gpfs01/home/obrien/and1038/GMproject/reads/24-c4_S280_L001_R1_001.fastq.gz,forward
24-c4,/mnt/gpfs01/home/obrien/and1038/GMproject/reads/24-c4_S280_L001_R2_001.fastq.gz,reverse
24-c5,/mnt/gpfs01/home/obrien/and1038/GMproject/reads/24-c5_S281_L001_R1_001.fastq.gz,forward
24-c5,/mnt/gpfs01/home/obrien/and1038/GMproject/reads/24-c5_S281_L001_R2_001.fastq.gz,reverse
24-c6,/mnt/gpfs01/home/obrien/and1038/GMproject/reads/24-c6_S282_L001_R1_001.fastq.gz,forward
24-c6,/mnt/gpfs01/home/obrien/and1038/GMproject/reads/24-c6_S282_L001_R2_001.fastq.gz,reverse
24-d1,/mnt/gpfs01/home/obrien/and1038/GMproject/reads/24-d1_S283_L001_R1_001.fastq.gz,forward
24-d1,/mnt/gpfs01/home/obrien/and1038/GMproject/reads/24-d1_S283_L001_R2_001.fastq.gz,reverse
24-d2,/mnt/gpfs01/home/obrien/and1038/GMproject/reads/24-d2_S284_L001_R1_001.fastq.gz,forward
24-d2,/mnt/gpfs01/home/obrien/and1038/GMproject/reads/24-d2_S284_L001_R2_001.fastq.gz,reverse
24-d3,/mnt/gpfs01/home/obrien/and1038/GMproject/reads/24-d3_S285_L001_R1_001.fastq.gz,forward
24-d3,/mnt/gpfs01/home/obrien/and1038/GMproject/reads/24-d3_S285_L001_R2_001.fastq.gz,reverse
24-d4,/mnt/gpfs01/home/obrien/and1038/GMproject/reads/24-d4_S286_L001_R1_001.fastq.gz,forward
24-d4,/mnt/gpfs01/home/obrien/and1038/GMproject/reads/24-d4_S286_L001_R2_001.fastq.gz,reverse
24-d5,/mnt/gpfs01/home/obrien/and1038/GMproject/reads/24-d5_S287_L001_R1_001.fastq.gz,forward
24-d5,/mnt/gpfs01/home/obrien/and1038/GMproject/reads/24-d5_S287_L001_R2_001.fastq.gz,reverse
24-d6,/mnt/gpfs01/home/obrien/and1038/GMproject/reads/24-d6_S288_L001_R1_001.fastq.gz,forward
24-d6,/mnt/gpfs01/home/obrien/and1038/GMproject/reads/24-d6_S288_L001_R2_001.fastq.gz,reverse
W-Expt1,/mnt/gpfs01/home/obrien/and1038/GMproject/reads/W-Expt1_S577_L001_R1_001.fastq.gz,forward
W-Expt1,/mnt/gpfs01/home/obrien/and1038/GMproject/reads/W-Expt1_S577_L001_R2_001.fastq.gz,reverse
Dr-Expt1,/mnt/gpfs01/home/obrien/and1038/GMproject/reads/Dr-Expt1_S578_L001_R1_001.fastq.gz,forward
Dr-Expt1,/mnt/gpfs01/home/obrien/and1038/GMproject/reads/Dr-Expt1_S578_L001_R2_001.fastq.gz,reverse
LR-Expt1,/mnt/gpfs01/home/obrien/and1038/GMproject/reads/LR-Expt1_S579_L001_R1_001.fastq.gz,forward
LR-Expt1,/mnt/gpfs01/home/obrien/and1038/GMproject/reads/LR-Expt1_S579_L001_R2_001.fastq.gz,reverse
UM-Expt1,/mnt/gpfs01/home/obrien/and1038/GMproject/reads/UM-Expt1_S580_L001_R1_001.fastq.gz,forward
UM-Expt1,/mnt/gpfs01/home/obrien/and1038/GMproject/reads/UM-Expt1_S580_L001_R2_001.fastq.gz,reverse
MP-Expt1,/mnt/gpfs01/home/obrien/and1038/GMproject/reads/MP-Expt1_S581_L001_R1_001.fastq.gz,forward
MP-Expt1,/mnt/gpfs01/home/obrien/and1038/GMproject/reads/MP-Expt1_S581_L001_R2_001.fastq.gz,reverse
TF-Expt1,/mnt/gpfs01/home/obrien/and1038/GMproject/reads/TF-Expt1_S582_L001_R1_001.fastq.gz,forward
TF-Expt1,/mnt/gpfs01/home/obrien/and1038/GMproject/reads/TF-Expt1_S582_L001_R2_001.fastq.gz,reverse
KF-Expt1,/mnt/gpfs01/home/obrien/and1038/GMproject/reads/KF-Expt1_S583_L001_R1_001.fastq.gz,forward
KF-Expt1,/mnt/gpfs01/home/obrien/and1038/GMproject/reads/KF-Expt1_S583_L001_R2_001.fastq.gz,reverse
ODR-Expt1,/mnt/gpfs01/home/obrien/and1038/GMproject/reads/ODR-Expt1_S584_L001_R1_001.fastq.gz,forward
ODR-Expt1,/mnt/gpfs01/home/obrien/and1038/GMproject/reads/ODR-Expt1_S584_L001_R2_001.fastq.gz,reverse
W-soil-Expt1,/mnt/gpfs01/home/obrien/and1038/GMproject/reads/W-soil-Expt1_S585_L001_R1_001.fastq.gz,forward
W-soil-Expt1,/mnt/gpfs01/home/obrien/and1038/GMproject/reads/W-soil-Expt1_S585_L001_R2_001.fastq.gz,reverse
ODR-2-1,/mnt/gpfs01/home/obrien/and1038/GMproject/reads/ODR-2-1_S586_L001_R1_001.fastq.gz,forward
ODR-2-1,/mnt/gpfs01/home/obrien/and1038/GMproject/reads/ODR-2-1_S586_L001_R2_001.fastq.gz,reverse
ODR-2-2,/mnt/gpfs01/home/obrien/and1038/GMproject/reads/ODR-2-2_S587_L001_R1_001.fastq.gz,forward
ODR-2-2,/mnt/gpfs01/home/obrien/and1038/GMproject/reads/ODR-2-2_S587_L001_R2_001.fastq.gz,reverse
ODR-2-3,/mnt/gpfs01/home/obrien/and1038/GMproject/reads/ODR-2-3_S588_L001_R1_001.fastq.gz,forward
ODR-2-3,/mnt/gpfs01/home/obrien/and1038/GMproject/reads/ODR-2-3_S588_L001_R2_001.fastq.gz,reverse
ODR-2-4,/mnt/gpfs01/home/obrien/and1038/GMproject/reads/ODR-2-4_S589_L001_R1_001.fastq.gz,forward
ODR-2-4,/mnt/gpfs01/home/obrien/and1038/GMproject/reads/ODR-2-4_S589_L001_R2_001.fastq.gz,reverse
ODR-2-5,/mnt/gpfs01/home/obrien/and1038/GMproject/reads/ODR-2-5_S590_L001_R1_001.fastq.gz,forward
ODR-2-5,/mnt/gpfs01/home/obrien/and1038/GMproject/reads/ODR-2-5_S590_L001_R2_001.fastq.gz,reverse
MP-1-1,/mnt/gpfs01/home/obrien/and1038/GMproject/reads/MP-1-1_S591_L001_R1_001.fastq.gz,forward
MP-1-1,/mnt/gpfs01/home/obrien/and1038/GMproject/reads/MP-1-1_S591_L001_R2_001.fastq.gz,reverse
MP-1-2,/mnt/gpfs01/home/obrien/and1038/GMproject/reads/MP-1-2_S592_L001_R1_001.fastq.gz,forward
MP-1-2,/mnt/gpfs01/home/obrien/and1038/GMproject/reads/MP-1-2_S592_L001_R2_001.fastq.gz,reverse
MP-1-3,/mnt/gpfs01/home/obrien/and1038/GMproject/reads/MP-1-3_S593_L001_R1_001.fastq.gz,forward
MP-1-3,/mnt/gpfs01/home/obrien/and1038/GMproject/reads/MP-1-3_S593_L001_R2_001.fastq.gz,reverse
MP-1-4,/mnt/gpfs01/home/obrien/and1038/GMproject/reads/MP-1-4_S594_L001_R1_001.fastq.gz,forward
MP-1-4,/mnt/gpfs01/home/obrien/and1038/GMproject/reads/MP-1-4_S594_L001_R2_001.fastq.gz,reverse
MP-1-5,/mnt/gpfs01/home/obrien/and1038/GMproject/reads/MP-1-5_S595_L001_R1_001.fastq.gz,forward
MP-1-5,/mnt/gpfs01/home/obrien/and1038/GMproject/reads/MP-1-5_S595_L001_R2_001.fastq.gz,reverse
TF-1-1,/mnt/gpfs01/home/obrien/and1038/GMproject/reads/TF-1-1_S596_L001_R1_001.fastq.gz,forward
TF-1-1,/mnt/gpfs01/home/obrien/and1038/GMproject/reads/TF-1-1_S596_L001_R2_001.fastq.gz,reverse
TF-1-2,/mnt/gpfs01/home/obrien/and1038/GMproject/reads/TF-1-2_S597_L001_R1_001.fastq.gz,forward
TF-1-2,/mnt/gpfs01/home/obrien/and1038/GMproject/reads/TF-1-2_S597_L001_R2_001.fastq.gz,reverse
TF-1-3,/mnt/gpfs01/home/obrien/and1038/GMproject/reads/TF-1-3_S598_L001_R1_001.fastq.gz,forward
TF-1-3,/mnt/gpfs01/home/obrien/and1038/GMproject/reads/TF-1-3_S598_L001_R2_001.fastq.gz,reverse
TF-1-4,/mnt/gpfs01/home/obrien/and1038/GMproject/reads/TF-1-4_S599_L001_R1_001.fastq.gz,forward
TF-1-4,/mnt/gpfs01/home/obrien/and1038/GMproject/reads/TF-1-4_S599_L001_R2_001.fastq.gz,reverse
TF-1-5,/mnt/gpfs01/home/obrien/and1038/GMproject/reads/TF-1-5_S600_L001_R1_001.fastq.gz,forward
TF-1-5,/mnt/gpfs01/home/obrien/and1038/GMproject/reads/TF-1-5_S600_L001_R2_001.fastq.gz,reverse
UM-1-1,/mnt/gpfs01/home/obrien/and1038/GMproject/reads/UM-1-1_S601_L001_R1_001.fastq.gz,forward
UM-1-1,/mnt/gpfs01/home/obrien/and1038/GMproject/reads/UM-1-1_S601_L001_R2_001.fastq.gz,reverse
UM-1-2,/mnt/gpfs01/home/obrien/and1038/GMproject/reads/UM-1-2_S602_L001_R1_001.fastq.gz,forward
UM-1-2,/mnt/gpfs01/home/obrien/and1038/GMproject/reads/UM-1-2_S602_L001_R2_001.fastq.gz,reverse
UM-1-3,/mnt/gpfs01/home/obrien/and1038/GMproject/reads/UM-1-3_S603_L001_R1_001.fastq.gz,forward
UM-1-3,/mnt/gpfs01/home/obrien/and1038/GMproject/reads/UM-1-3_S603_L001_R2_001.fastq.gz,reverse
UM-1-4,/mnt/gpfs01/home/obrien/and1038/GMproject/reads/UM-1-4_S604_L001_R1_001.fastq.gz,forward
UM-1-4,/mnt/gpfs01/home/obrien/and1038/GMproject/reads/UM-1-4_S604_L001_R2_001.fastq.gz,reverse
UM-1-5,/mnt/gpfs01/home/obrien/and1038/GMproject/reads/UM-1-5_S605_L001_R1_001.fastq.gz,forward
UM-1-5,/mnt/gpfs01/home/obrien/and1038/GMproject/reads/UM-1-5_S605_L001_R2_001.fastq.gz,reverse
ODR-3-1,/mnt/gpfs01/home/obrien/and1038/GMproject/reads/ODR-3-1_S606_L001_R1_001.fastq.gz,forward
ODR-3-1,/mnt/gpfs01/home/obrien/and1038/GMproject/reads/ODR-3-1_S606_L001_R2_001.fastq.gz,reverse
ODR-3-2,/mnt/gpfs01/home/obrien/and1038/GMproject/reads/ODR-3-2_S607_L001_R1_001.fastq.gz,forward
ODR-3-2,/mnt/gpfs01/home/obrien/and1038/GMproject/reads/ODR-3-2_S607_L001_R2_001.fastq.gz,reverse
ODR-3-3,/mnt/gpfs01/home/obrien/and1038/GMproject/reads/ODR-3-3_S608_L001_R1_001.fastq.gz,forward
ODR-3-3,/mnt/gpfs01/home/obrien/and1038/GMproject/reads/ODR-3-3_S608_L001_R2_001.fastq.gz,reverse
ODR-3-4,/mnt/gpfs01/home/obrien/and1038/GMproject/reads/ODR-3-4_S609_L001_R1_001.fastq.gz,forward
ODR-3-4,/mnt/gpfs01/home/obrien/and1038/GMproject/reads/ODR-3-4_S609_L001_R2_001.fastq.gz,reverse
ODR-3-5,/mnt/gpfs01/home/obrien/and1038/GMproject/reads/ODR-3-5_S610_L001_R1_001.fastq.gz,forward
ODR-3-5,/mnt/gpfs01/home/obrien/and1038/GMproject/reads/ODR-3-5_S610_L001_R2_001.fastq.gz,reverse
TF-2-1,/mnt/gpfs01/home/obrien/and1038/GMproject/reads/TF-2-1_S611_L001_R1_001.fastq.gz,forward
TF-2-1,/mnt/gpfs01/home/obrien/and1038/GMproject/reads/TF-2-1_S611_L001_R2_001.fastq.gz,reverse
TF-2-2,/mnt/gpfs01/home/obrien/and1038/GMproject/reads/TF-2-2_S612_L001_R1_001.fastq.gz,forward
TF-2-2,/mnt/gpfs01/home/obrien/and1038/GMproject/reads/TF-2-2_S612_L001_R2_001.fastq.gz,reverse
TF-2-3,/mnt/gpfs01/home/obrien/and1038/GMproject/reads/TF-2-3_S613_L001_R1_001.fastq.gz,forward
TF-2-3,/mnt/gpfs01/home/obrien/and1038/GMproject/reads/TF-2-3_S613_L001_R2_001.fastq.gz,reverse
TF-2-4,/mnt/gpfs01/home/obrien/and1038/GMproject/reads/TF-2-4_S614_L001_R1_001.fastq.gz,forward
TF-2-4,/mnt/gpfs01/home/obrien/and1038/GMproject/reads/TF-2-4_S614_L001_R2_001.fastq.gz,reverse
TF-2-5,/mnt/gpfs01/home/obrien/and1038/GMproject/reads/TF-2-5_S615_L001_R1_001.fastq.gz,forward
TF-2-5,/mnt/gpfs01/home/obrien/and1038/GMproject/reads/TF-2-5_S615_L001_R2_001.fastq.gz,reverse
W-soil-Expt2,/mnt/gpfs01/home/obrien/and1038/GMproject/reads/W-soil-Expt2_S616_L001_R1_001.fastq.gz,forward
W-soil-Expt2,/mnt/gpfs01/home/obrien/and1038/GMproject/reads/W-soil-Expt2_S616_L001_R2_001.fastq.gz,reverse
blank2,/mnt/gpfs01/home/obrien/and1038/GMproject/reads/blank2_S617_L001_R1_001.fastq.gz,forward
blank2,/mnt/gpfs01/home/obrien/and1038/GMproject/reads/blank2_S617_L001_R2_001.fastq.gz,reverse
MP-1-1-DW,/mnt/gpfs01/home/obrien/and1038/GMproject/reads/MP-1-2-DW_S619_L001_R1_001.fastq.gz,forward
MP-1-1-DW,/mnt/gpfs01/home/obrien/and1038/GMproject/reads/MP-1-2-DW_S619_L001_R2_001.fastq.gz,reverse
MP-1-2-DW,/mnt/gpfs01/home/obrien/and1038/GMproject/reads/MP-1-3-DW_S620_L001_R1_001.fastq.gz,forward
MP-1-2-DW,/mnt/gpfs01/home/obrien/and1038/GMproject/reads/MP-1-3-DW_S620_L001_R2_001.fastq.gz,reverse
MP-1-3-DW,/mnt/gpfs01/home/obrien/and1038/GMproject/reads/MP-1-4-DW_S621_L001_R1_001.fastq.gz,forward
MP-1-3-DW,/mnt/gpfs01/home/obrien/and1038/GMproject/reads/MP-1-4-DW_S621_L001_R2_001.fastq.gz,reverse
MP-1-4-DW,/mnt/gpfs01/home/obrien/and1038/GMproject/reads/MP-1-5-DW_S622_L001_R1_001.fastq.gz,forward
MP-1-4-DW,/mnt/gpfs01/home/obrien/and1038/GMproject/reads/MP-1-5-DW_S622_L001_R2_001.fastq.gz,reverse
MP-1-5-DW,/mnt/gpfs01/home/obrien/and1038/GMproject/reads/MP-1-1-DW_S618_L001_R1_001.fastq.gz,forward
MP-1-5-DW,/mnt/gpfs01/home/obrien/and1038/GMproject/reads/MP-1-1-DW_S618_L001_R2_001.fastq.gz,reverse
ODR-2-1-DW,/mnt/gpfs01/home/obrien/and1038/GMproject/reads/ODR-2-1-DW_S623_L001_R1_001.fastq.gz,forward
ODR-2-1-DW,/mnt/gpfs01/home/obrien/and1038/GMproject/reads/ODR-2-1-DW_S623_L001_R2_001.fastq.gz,reverse
ODR-2-2-DW,/mnt/gpfs01/home/obrien/and1038/GMproject/reads/ODR-2-2-DW_S624_L001_R1_001.fastq.gz,forward
ODR-2-2-DW,/mnt/gpfs01/home/obrien/and1038/GMproject/reads/ODR-2-2-DW_S624_L001_R2_001.fastq.gz,reverse
ODR-2-3-DW,/mnt/gpfs01/home/obrien/and1038/GMproject/reads/ODR-2-3-DW_S625_L001_R1_001.fastq.gz,forward
ODR-2-3-DW,/mnt/gpfs01/home/obrien/and1038/GMproject/reads/ODR-2-3-DW_S625_L001_R2_001.fastq.gz,reverse
ODR-2-4-DW,/mnt/gpfs01/home/obrien/and1038/GMproject/reads/ODR-2-4-DW_S626_L001_R1_001.fastq.gz,forward
ODR-2-4-DW,/mnt/gpfs01/home/obrien/and1038/GMproject/reads/ODR-2-4-DW_S626_L001_R2_001.fastq.gz,reverse
ODR-2-5-DW,/mnt/gpfs01/home/obrien/and1038/GMproject/reads/ODR-2-5-DW_S627_L001_R1_001.fastq.gz,forward
ODR-2-5-DW,/mnt/gpfs01/home/obrien/and1038/GMproject/reads/ODR-2-5-DW_S627_L001_R2_001.fastq.gz,reverse
ODR-3-1-DW,/mnt/gpfs01/home/obrien/and1038/GMproject/reads/ODR-3-1-DW_S628_L001_R1_001.fastq.gz,forward
ODR-3-1-DW,/mnt/gpfs01/home/obrien/and1038/GMproject/reads/ODR-3-1-DW_S628_L001_R2_001.fastq.gz,reverse
ODR-3-2-DW,/mnt/gpfs01/home/obrien/and1038/GMproject/reads/ODR-3-2-DW_S629_L001_R1_001.fastq.gz,forward
ODR-3-2-DW,/mnt/gpfs01/home/obrien/and1038/GMproject/reads/ODR-3-2-DW_S629_L001_R2_001.fastq.gz,reverse
ODR-3-3-DW,/mnt/gpfs01/home/obrien/and1038/GMproject/reads/ODR-3-3-DW_S630_L001_R1_001.fastq.gz,forward
ODR-3-3-DW,/mnt/gpfs01/home/obrien/and1038/GMproject/reads/ODR-3-3-DW_S630_L001_R2_001.fastq.gz,reverse
ODR-3-4-DW,/mnt/gpfs01/home/obrien/and1038/GMproject/reads/ODR-3-4-DW_S631_L001_R1_001.fastq.gz,forward
ODR-3-4-DW,/mnt/gpfs01/home/obrien/and1038/GMproject/reads/ODR-3-4-DW_S631_L001_R2_001.fastq.gz,reverse
ODR-3-5-DW,/mnt/gpfs01/home/obrien/and1038/GMproject/reads/ODR-3-5-DW_S632_L001_R1_001.fastq.gz,forward
ODR-3-5-DW,/mnt/gpfs01/home/obrien/and1038/GMproject/reads/ODR-3-5-DW_S632_L001_R2_001.fastq.gz,reverse
TF-1-1-DW,/mnt/gpfs01/home/obrien/and1038/GMproject/reads/TF-1-1-DW_S633_L001_R1_001.fastq.gz,forward
TF-1-1-DW,/mnt/gpfs01/home/obrien/and1038/GMproject/reads/TF-1-1-DW_S633_L001_R2_001.fastq.gz,reverse
TF-1-2-DW,/mnt/gpfs01/home/obrien/and1038/GMproject/reads/TF-1-2-DW_S634_L001_R1_001.fastq.gz,forward
TF-1-2-DW,/mnt/gpfs01/home/obrien/and1038/GMproject/reads/TF-1-2-DW_S634_L001_R2_001.fastq.gz,reverse
TF-1-3-DW,/mnt/gpfs01/home/obrien/and1038/GMproject/reads/TF-1-3-DW_S635_L001_R1_001.fastq.gz,forward
TF-1-3-DW,/mnt/gpfs01/home/obrien/and1038/GMproject/reads/TF-1-3-DW_S635_L001_R2_001.fastq.gz,reverse
TF-1-4-DW,/mnt/gpfs01/home/obrien/and1038/GMproject/reads/TF-1-4-DW_S636_L001_R1_001.fastq.gz,forward
TF-1-4-DW,/mnt/gpfs01/home/obrien/and1038/GMproject/reads/TF-1-4-DW_S636_L001_R2_001.fastq.gz,reverse
TF-1-5-DW,/mnt/gpfs01/home/obrien/and1038/GMproject/reads/TF-1-5-DW_S637_L001_R1_001.fastq.gz,forward
TF-1-5-DW,/mnt/gpfs01/home/obrien/and1038/GMproject/reads/TF-1-5-DW_S637_L001_R2_001.fastq.gz,reverse
TF-2-1-DW,/mnt/gpfs01/home/obrien/and1038/GMproject/reads/TF-2-1-DW_S638_L001_R1_001.fastq.gz,forward
TF-2-1-DW,/mnt/gpfs01/home/obrien/and1038/GMproject/reads/TF-2-1-DW_S638_L001_R2_001.fastq.gz,reverse
TF-2-2-DW,/mnt/gpfs01/home/obrien/and1038/GMproject/reads/TF-2-2-DW_S639_L001_R1_001.fastq.gz,forward
TF-2-2-DW,/mnt/gpfs01/home/obrien/and1038/GMproject/reads/TF-2-2-DW_S639_L001_R2_001.fastq.gz,reverse
TF-2-3-DW,/mnt/gpfs01/home/obrien/and1038/GMproject/reads/TF-2-3-DW_S640_L001_R1_001.fastq.gz,forward
TF-2-3-DW,/mnt/gpfs01/home/obrien/and1038/GMproject/reads/TF-2-3-DW_S640_L001_R2_001.fastq.gz,reverse
TF-2-4-DW,/mnt/gpfs01/home/obrien/and1038/GMproject/reads/TF-2-4-DW_S641_L001_R1_001.fastq.gz,forward
TF-2-4-DW,/mnt/gpfs01/home/obrien/and1038/GMproject/reads/TF-2-4-DW_S641_L001_R2_001.fastq.gz,reverse
TF-2-5-DW,/mnt/gpfs01/home/obrien/and1038/GMproject/reads/TF-2-5-DW_S642_L001_R1_001.fastq.gz,forward
TF-2-5-DW,/mnt/gpfs01/home/obrien/and1038/GMproject/reads/TF-2-5-DW_S642_L001_R2_001.fastq.gz,reverse
UM-1-1-DW,/mnt/gpfs01/home/obrien/and1038/GMproject/reads/UM-1-1-DW_S643_L001_R1_001.fastq.gz,forward
UM-1-1-DW,/mnt/gpfs01/home/obrien/and1038/GMproject/reads/UM-1-1-DW_S643_L001_R2_001.fastq.gz,reverse
UM-1-2-DW,/mnt/gpfs01/home/obrien/and1038/GMproject/reads/UM-1-2-DW_S644_L001_R1_001.fastq.gz,forward
UM-1-2-DW,/mnt/gpfs01/home/obrien/and1038/GMproject/reads/UM-1-2-DW_S644_L001_R2_001.fastq.gz,reverse
UM-1-3-DW,/mnt/gpfs01/home/obrien/and1038/GMproject/reads/UM-1-3-DW_S645_L001_R1_001.fastq.gz,forward
UM-1-3-DW,/mnt/gpfs01/home/obrien/and1038/GMproject/reads/UM-1-3-DW_S645_L001_R2_001.fastq.gz,reverse
UM-1-4-DW,/mnt/gpfs01/home/obrien/and1038/GMproject/reads/UM-1-4-DW_S646_L001_R1_001.fastq.gz,forward
UM-1-4-DW,/mnt/gpfs01/home/obrien/and1038/GMproject/reads/UM-1-4-DW_S646_L001_R2_001.fastq.gz,reverse
UM-1-5-DW,/mnt/gpfs01/home/obrien/and1038/GMproject/reads/UM-1-5-DW_S647_L001_R1_001.fastq.gz,forward
UM-1-5-DW,/mnt/gpfs01/home/obrien/and1038/GMproject/reads/UM-1-5-DW_S647_L001_R2_001.fastq.gz,reverse
blank3,/mnt/gpfs01/home/obrien/and1038/GMproject/reads/blank3_S648_L001_R1_001.fastq.gz,forward
blank3,/mnt/gpfs01/home/obrien/and1038/GMproject/reads/blank3_S648_L001_R2_001.fastq.gz,reverse